CREATE DATABASE  IF NOT EXISTS `devenirdisciple.org` /*!40100 DEFAULT CHARACTER SET utf8 */;
USE `devenirdisciple.org`;
-- MySQL dump 10.13  Distrib 5.7.9, for Win64 (x86_64)
--
-- Host: localhost    Database: devenirdisciple.org
-- ------------------------------------------------------
-- Server version	5.5.5-10.4.10-MariaDB

/*!40101 SET @OLD_CHARACTER_SET_CLIENT=@@CHARACTER_SET_CLIENT */;
/*!40101 SET @OLD_CHARACTER_SET_RESULTS=@@CHARACTER_SET_RESULTS */;
/*!40101 SET @OLD_COLLATION_CONNECTION=@@COLLATION_CONNECTION */;
/*!40101 SET NAMES utf8 */;
/*!40103 SET @OLD_TIME_ZONE=@@TIME_ZONE */;
/*!40103 SET TIME_ZONE='+00:00' */;
/*!40014 SET @OLD_UNIQUE_CHECKS=@@UNIQUE_CHECKS, UNIQUE_CHECKS=0 */;
/*!40014 SET @OLD_FOREIGN_KEY_CHECKS=@@FOREIGN_KEY_CHECKS, FOREIGN_KEY_CHECKS=0 */;
/*!40101 SET @OLD_SQL_MODE=@@SQL_MODE, SQL_MODE='NO_AUTO_VALUE_ON_ZERO' */;
/*!40111 SET @OLD_SQL_NOTES=@@SQL_NOTES, SQL_NOTES=0 */;

--
-- Table structure for table `admin`
--

DROP TABLE IF EXISTS `admin`;
/*!40101 SET @saved_cs_client     = @@character_set_client */;
/*!40101 SET character_set_client = utf8 */;
CREATE TABLE `admin` (
  `adminId` int(11) NOT NULL AUTO_INCREMENT,
  `email` varchar(100) NOT NULL DEFAULT '',
  `password` varchar(500) NOT NULL DEFAULT '',
  PRIMARY KEY (`adminId`),
  UNIQUE KEY `email_UNIQUE` (`email`)
) ENGINE=InnoDB AUTO_INCREMENT=3 DEFAULT CHARSET=utf8;
/*!40101 SET character_set_client = @saved_cs_client */;

--
-- Dumping data for table `admin`
--

LOCK TABLES `admin` WRITE;
/*!40000 ALTER TABLE `admin` DISABLE KEYS */;
INSERT INTO `admin` VALUES (1,'eric.larivi√®re1999@hotmail.com','admin01'),(2,'Alexandre.Reny98@gmail.com','admin01!');
/*!40000 ALTER TABLE `admin` ENABLE KEYS */;
UNLOCK TABLES;

--
-- Table structure for table `calendarevent`
--

DROP TABLE IF EXISTS `calendarevent`;
/*!40101 SET @saved_cs_client     = @@character_set_client */;
/*!40101 SET character_set_client = utf8 */;
CREATE TABLE `calendarevent` (
  `eventId` int(11) NOT NULL AUTO_INCREMENT,
  `name` varchar(100) NOT NULL DEFAULT '',
  `date` varchar(100) NOT NULL DEFAULT '',
  `descr` varchar(500) NOT NULL DEFAULT '',
  `color` varchar(50) NOT NULL DEFAULT '',
  `icon` varchar(50) NOT NULL DEFAULT '',
  `communityId` int(11) DEFAULT NULL,
  PRIMARY KEY (`eventId`),
  KEY `FK_communityId` (`communityId`),
  CONSTRAINT `FK_communityId` FOREIGN KEY (`communityId`) REFERENCES `communaute` (`communauteid`) ON DELETE NO ACTION ON UPDATE NO ACTION
) ENGINE=InnoDB AUTO_INCREMENT=15 DEFAULT CHARSET=utf8;
/*!40101 SET character_set_client = @saved_cs_client */;

--
-- Dumping data for table `calendarevent`
--

LOCK TABLES `calendarevent` WRITE;
/*!40000 ALTER TABLE `calendarevent` DISABLE KEYS */;
INSERT INTO `calendarevent` VALUES (10,'Test','04/22/2020 08:27 am','','fc-bg-lightgreen','calendar',16),(11,'Test','04/29/2020 08:35 am','','fc-bg-lightgreen','group',16),(13,'Test','04/29/2020 08:35 am','test','fc-bg-lightgreen','group',16),(14,'Test','04/09/2020 10:40 am - 04/16/2020 11:59 pm','Test','fc-bg-default','circle',16);
/*!40000 ALTER TABLE `calendarevent` ENABLE KEYS */;
UNLOCK TABLES;

--
-- Table structure for table `communaute`
--

DROP TABLE IF EXISTS `communaute`;
/*!40101 SET @saved_cs_client     = @@character_set_client */;
/*!40101 SET character_set_client = utf8 */;
CREATE TABLE `communaute` (
  `communauteid` int(11) NOT NULL AUTO_INCREMENT,
  `nom` varchar(100) NOT NULL DEFAULT '',
  `paroisseid` int(11) NOT NULL DEFAULT 0,
  `menuid` int(11) NOT NULL DEFAULT 0,
  PRIMARY KEY (`communauteid`),
  KEY `FK_Paroisse` (`paroisseid`),
  KEY `FK_Menuidcommunaute` (`menuid`),
  CONSTRAINT `FK_Menuidcommunaute` FOREIGN KEY (`menuid`) REFERENCES `menu` (`menuId`) ON DELETE NO ACTION ON UPDATE NO ACTION,
  CONSTRAINT `FK_Paroisse` FOREIGN KEY (`paroisseid`) REFERENCES `paroisse` (`paroisseid`) ON DELETE NO ACTION ON UPDATE NO ACTION
) ENGINE=InnoDB AUTO_INCREMENT=18 DEFAULT CHARSET=utf8;
/*!40101 SET character_set_client = @saved_cs_client */;

--
-- Dumping data for table `communaute`
--

LOCK TABLES `communaute` WRITE;
/*!40000 ALTER TABLE `communaute` DISABLE KEYS */;
INSERT INTO `communaute` VALUES (1,'Saint-Benjamin',1,10),(2,'Saint-C√¥me',1,11),(3,'Sainte-Aur√©lie',1,12),(4,'Saint-G√©d√©on',2,13),(5,'Saint-Georges',1,14),(6,'Saint-Jean-de-la-Lande',1,15),(7,'Saint-Ludger',2,16),(8,'Saint-Martin',2,17),(9,'Saint-Philibert',1,18),(10,'Saint-Prosper',1,19),(11,'Saint-Ren√©-Goupil',1,20),(12,'Saint-Robert-Bellarmin',2,21),(13,'Saint-Simon',1,22),(14,'Saint-Th√©ophile',2,23),(15,'Saint-Zacharie',1,24),(16,'Assomption de la BVM',1,39),(17,'Notre-Dame-de-la-Providence',1,40);
/*!40000 ALTER TABLE `communaute` ENABLE KEYS */;
UNLOCK TABLES;

--
-- Table structure for table `formulairebenevolat`
--

DROP TABLE IF EXISTS `formulairebenevolat`;
/*!40101 SET @saved_cs_client     = @@character_set_client */;
/*!40101 SET character_set_client = utf8 */;
CREATE TABLE `formulairebenevolat` (
  `formulaireid` int(11) NOT NULL AUTO_INCREMENT,
  `prenom` varbinary(1000) NOT NULL DEFAULT '',
  `nom` varbinary(1000) NOT NULL DEFAULT '',
  `adresse` varbinary(1000) NOT NULL DEFAULT '',
  `telephone` varbinary(1000) NOT NULL DEFAULT '',
  `cellulaire` varbinary(1000) NOT NULL DEFAULT '',
  `courriel` varbinary(1000) NOT NULL DEFAULT '',
  `benevolat1` varchar(500) NOT NULL DEFAULT '',
  `benevolat2` varchar(500) NOT NULL DEFAULT '',
  `benevolat3` varchar(500) NOT NULL DEFAULT '',
  `benevolat4` varchar(500) NOT NULL DEFAULT '',
  `paroisseid` int(11) NOT NULL DEFAULT 0,
  `communauteid` int(11) NOT NULL DEFAULT 0,
  `lundiam` tinyint(4) NOT NULL DEFAULT 0,
  `lundipm` tinyint(4) NOT NULL DEFAULT 0,
  `lundisoiree` tinyint(4) NOT NULL DEFAULT 0,
  `mardiam` tinyint(4) NOT NULL DEFAULT 0,
  `mardipm` tinyint(4) NOT NULL DEFAULT 0,
  `mardisoiree` tinyint(4) NOT NULL DEFAULT 0,
  `mercrediam` tinyint(4) NOT NULL DEFAULT 0,
  `mercredipm` tinyint(4) NOT NULL DEFAULT 0,
  `mercredisoiree` tinyint(4) NOT NULL DEFAULT 0,
  `jeudiam` tinyint(4) NOT NULL DEFAULT 0,
  `jeudipm` tinyint(4) NOT NULL DEFAULT 0,
  `jeudisoiree` tinyint(4) NOT NULL DEFAULT 0,
  `vendrediam` tinyint(4) NOT NULL DEFAULT 0,
  `vendredipm` tinyint(4) NOT NULL DEFAULT 0,
  `vendredisoiree` tinyint(4) NOT NULL DEFAULT 0,
  `samediam` tinyint(4) NOT NULL DEFAULT 0,
  `samedipm` tinyint(4) NOT NULL DEFAULT 0,
  `samedisoiree` tinyint(4) NOT NULL DEFAULT 0,
  `dimancheam` tinyint(4) NOT NULL DEFAULT 0,
  `dimanchepm` tinyint(4) NOT NULL DEFAULT 0,
  `dimanchesoiree` tinyint(4) NOT NULL DEFAULT 0,
  `key` varbinary(1000) NOT NULL DEFAULT '0',
  `iv` varbinary(1000) NOT NULL DEFAULT '0',
  PRIMARY KEY (`formulaireid`)
) ENGINE=InnoDB AUTO_INCREMENT=2 DEFAULT CHARSET=utf8;
/*!40101 SET character_set_client = @saved_cs_client */;

--
-- Dumping data for table `formulairebenevolat`
--

LOCK TABLES `formulairebenevolat` WRITE;
/*!40000 ALTER TABLE `formulairebenevolat` DISABLE KEYS */;
INSERT INTO `formulairebenevolat` VALUES (1,'GAecdq0BhnH27WAH0Vb6+oyVvnDNuf7qe+9ffXuqE2Q=','NuROQltZkTxjciE3pIBZXhYaOiuSMONH/XyHMnhzLWc=','j9ZhixIe/aSvzcQCeVa3kajwOyqO6NO3lXbBEK/4GWg=','1oxW5u+PG2xo1LneJ3WRfP6O0wgzHUgXGNigPLje3Ks=','567QfQTLU1FADKzLuhkrDg9qHh2zHj/MSQq52t++C+w=','3OKO2sy9mguIf5vWZIAExf6YfrqPQhLXBUiR8B8ezHOCF0t757sS6XmixVjzF9DA','','','','',0,0,1,0,0,1,0,0,1,0,0,0,0,0,0,0,0,0,0,0,0,0,0,'oj\…˚\À˘0¥˙kØ\ƒv\∆n{õF\Ÿ\”<ÜBßP\ZU*8','?ÿ™ö•dµ\0uíè1µ');
/*!40000 ALTER TABLE `formulairebenevolat` ENABLE KEYS */;
UNLOCK TABLES;

--
-- Table structure for table `menu`
--

DROP TABLE IF EXISTS `menu`;
/*!40101 SET @saved_cs_client     = @@character_set_client */;
/*!40101 SET character_set_client = utf8 */;
CREATE TABLE `menu` (
  `menuId` int(11) NOT NULL AUTO_INCREMENT,
  `parentId` varchar(45) NOT NULL DEFAULT '0',
  `name` varchar(100) NOT NULL DEFAULT '',
  `redirectionPath` varchar(500) NOT NULL DEFAULT '',
  `sequence` int(11) NOT NULL DEFAULT 0,
  PRIMARY KEY (`menuId`)
) ENGINE=InnoDB AUTO_INCREMENT=54 DEFAULT CHARSET=utf8;
/*!40101 SET character_set_client = @saved_cs_client */;

--
-- Dumping data for table `menu`
--

LOCK TABLES `menu` WRITE;
/*!40000 ALTER TABLE `menu` DISABLE KEYS */;
INSERT INTO `menu` VALUES (1,'0','Accueil','Accueil/Accueil.php',1),(2,'0','Paroisses-Communaut√©s','ParoissesCommunaute/ParoissesCommunaute.php',2),(3,'0','Sacrements','Sacrements/Sacrements.php',3),(4,'0','Chemins de foi','CheminsDeFoi/CheminsDeFoi.php',4),(5,'0','Fun√©railles','Funerailles/Funerailles.php',5),(6,'0','Feuillets','Feuillets/Feuillets.php',6),(7,'0','Financement','Financement/Financement.php',7),(8,'2','St-Georges-de-Sartigan','ParoissesCommunaute/ParoissesCommunaute.php',2),(9,'2','Saint-Jean-Paul II','ParoissesCommunaute/ParoissesCommunaute.php',1),(10,'8','Saint-Benjamin','ParoissesCommunaute/ParoissesCommunaute.php',0),(11,'8','Saint-C√¥me','ParoissesCommunaute/ParoissesCommunaute.php',0),(12,'8','Sainte-Aur√©lie','ParoissesCommunaute/ParoissesCommunaute.php',0),(13,'9','Saint-G√©d√©on','ParoissesCommunaute/ParoissesCommunaute.php',0),(14,'8','Saint-Georges','ParoissesCommunaute/ParoissesCommunaute.php',0),(15,'8','Saint-Jean-de-la-Lande','ParoissesCommunaute/ParoissesCommunaute.php',0),(16,'9','Saint-Ludger','ParoissesCommunaute/ParoissesCommunaute.php',0),(17,'9','Saint-Martin','ParoissesCommunaute/ParoissesCommunaute.php',0),(18,'8','Saint-Philibert','ParoissesCommunaute/ParoissesCommunaute.php',0),(19,'8','Saint-Prosper','ParoissesCommunaute/ParoissesCommunaute.php',0),(20,'8','Saint-Ren√©-Goupil','ParoissesCommunaute/ParoissesCommunaute.php',0),(21,'9','Saint-Robert-Bellarmin','ParoissesCommunaute/ParoissesCommunaute.php',0),(22,'8','Saint-Simon','ParoissesCommunaute/ParoissesCommunaute.php',0),(23,'9','Saint-Th√©ophile','ParoissesCommunaute/ParoissesCommunaute.php',0),(24,'8','Saint-Zacharie','ParoissesCommunaute/ParoissesCommunaute.php',0),(25,'3','Bapt√™me','Sacrements/Sacrements.php',1),(26,'3','Premier pardon - r√©conciliation','Sacrements/Sacrements.php',2),(27,'3','Premi√®re communion','Sacrements/Sacrements.php',3),(28,'3','Confirmation','Sacrements/Sacrements.php',4),(29,'3','Mariage','TemplateText.php',5),(30,'3','Onction des malades','Sacrements/Sacrements.php',6),(31,'3','Initiation chr√©tienne des adultes','Sacrements/Sacrements.php',7),(32,'4','Liturgie','CheminsDeFoi/CheminsDeFoi.php',1),(33,'4','Enfants','CheminsDeFoi/CheminsDeFoi.php',2),(34,'4','Pastorale jeunesse','CheminsDeFoi/CheminsDeFoi.php',3),(35,'4','√âquipes de fraternit√©','CheminsDeFoi/CheminsDeFoi.php',4),(36,'4','Croissance spirituelle','CheminsDeFoi/CheminsDeFoi.php',5),(37,'4','Comit√© Cr√©ation Verte','CheminsDeFoi/CheminsDeFoi.php',6),(39,'8','Assomption de la BVM','ParoissesCommunaute/ParoissesCommunaute.php',0),(40,'8','Notre-Dame-de-la-Providence','ParoissesCommunaute/ParoissesCommunaute.php',0),(41,'32','Liturgie et th√®mes liturgiques','TemplateText.php',1),(42,'32','Servants de messes','CheminsDeFoi/CheminsDeFoi.php',2),(43,'33','√âveil √† la foi','CheminsDeFoi/CheminsDeFoi.php',1),(44,'33','Brebis de J√©sus','CheminsDeFoi/CheminsDeFoi.php',2),(45,'33','Cat√©ch√®se','CheminsDeFoi/CheminsDeFoi.php',3),(46,'43','Agnelets','CheminsDeFoi/CheminsDeFoi.php',1),(47,'43','Liens int√©ressants','CheminsDeFoi/CheminsDeFoi.php',2),(48,'43','P\'tite Pasto','CheminsDeFoi/CheminsDeFoi.php',3),(49,'36','Cat√©ch√®se des adultes','CheminsDeFoi/CheminsDeFoi.php',1),(50,'36','Cellules paroissiales d\'√©vang√©lisation','CheminsDeFoi/CheminsDeFoi.php',2),(51,'36','Chapelles d\'adoration','CheminsDeFoi/CheminsDeFoi.php',3),(52,'36','Curcillo','CheminsDeFoi/CheminsDeFoi.php',4),(53,'36','Groupes de pri√®re','CheminsDeFoi/CheminsDeFoi.php',5);
/*!40000 ALTER TABLE `menu` ENABLE KEYS */;
UNLOCK TABLES;

--
-- Table structure for table `pagecontenttemplatetext`
--

DROP TABLE IF EXISTS `pagecontenttemplatetext`;
/*!40101 SET @saved_cs_client     = @@character_set_client */;
/*!40101 SET character_set_client = utf8 */;
CREATE TABLE `pagecontenttemplatetext` (
  `pageContentTemplateTextId` int(11) NOT NULL AUTO_INCREMENT,
  `menuid` int(11) NOT NULL DEFAULT 0,
  `image` varchar(200) NOT NULL DEFAULT '',
  `title` varchar(5000) NOT NULL DEFAULT '',
  `header` varchar(5000) NOT NULL DEFAULT '',
  `subtitle` varchar(5000) NOT NULL DEFAULT '',
  `content` longtext NOT NULL DEFAULT '',
  PRIMARY KEY (`pageContentTemplateTextId`),
  KEY `FK_pageContentMenuid` (`menuid`),
  CONSTRAINT `FK_pageContentMenuid` FOREIGN KEY (`menuid`) REFERENCES `menu` (`menuId`) ON DELETE NO ACTION ON UPDATE NO ACTION
) ENGINE=InnoDB AUTO_INCREMENT=3 DEFAULT CHARSET=utf8;
/*!40101 SET character_set_client = @saved_cs_client */;

--
-- Dumping data for table `pagecontenttemplatetext`
--

LOCK TABLES `pagecontenttemplatetext` WRITE;
/*!40000 ALTER TABLE `pagecontenttemplatetext` DISABLE KEYS */;
INSERT INTO `pagecontenttemplatetext` VALUES (1,41,'',' \n             \n             \n            test title 2\n          \n          ',' \n             \n            test header 3',' \n             \n             \n            test subtitle 2\n          \n          ',' \n             \n             \n            test content 2\n          \n          '),(2,29,'','<p class=\"MsoNormal\" align=\"center\" style=\"mso-margin-top-alt:auto;mso-margin-bottom-alt:\nauto;text-align:center;line-height:normal\"><b><span style=\"font-size:12.0pt;\nfont-family:&quot;Times New Roman&quot;,serif;mso-fareast-font-family:&quot;Times New Roman&quot;;\nmso-fareast-language:FR-CA\">Guide pour pr√©parer son mariage</span></b><span style=\"font-size:12.0pt;font-family:&quot;Times New Roman&quot;,serif;mso-fareast-font-family:\n&quot;Times New Roman&quot;;mso-fareast-language:FR-CA\"><o:p></o:p></span></p> \n            \n          ',' \n            \n          ',' \n            \n          ','<p class=\"MsoNormal\" style=\"mso-margin-top-alt:auto;mso-margin-bottom-alt:auto;\nline-height:normal\"><b><span style=\"font-size:12.0pt;font-family:&quot;Times New Roman&quot;,serif;\nmso-fareast-font-family:&quot;Times New Roman&quot;;mso-fareast-language:FR-CA\">Avant le\nMariage</span></b><span style=\"font-size:12.0pt;font-family:&quot;Times New Roman&quot;,serif;\nmso-fareast-font-family:&quot;Times New Roman&quot;;mso-fareast-language:FR-CA\"><o:p></o:p></span></p>\n\n<p class=\"MsoNormal\" style=\"mso-margin-top-alt:auto;mso-margin-bottom-alt:auto;\nline-height:normal\"><span style=\"font-size:12.0pt;font-family:&quot;Times New Roman&quot;,serif;\nmso-fareast-font-family:&quot;Times New Roman&quot;;mso-fareast-language:FR-CA\">D√®s qu‚Äôun\nprojet de mariage se fait sentir, les futurs √©poux doivent consulter la\nparoisse de leur choix dans un d√©lai d‚Äôau moins 6 mois √† un an avant le\nmariage. C‚Äôest la premi√®re √©tape avant de r√©server la salle de noces ou toute\nautre d√©marche. Nous devons conjuguer toutes nos demandes et v√©rifier la\ndisponibilit√© du ministre (Pr√™tre, diacre ou la√Øc engag√©).<o:p></o:p></span></p>\n\n<p class=\"MsoNormal\" style=\"mso-margin-top-alt:auto;mso-margin-bottom-alt:auto;\nline-height:normal\"><b><span style=\"font-size:12.0pt;font-family:&quot;Times New Roman&quot;,serif;\nmso-fareast-font-family:&quot;Times New Roman&quot;;mso-fareast-language:FR-CA\">Choix de l‚Äô√©glise</span></b><span style=\"font-size:12.0pt;font-family:&quot;Times New Roman&quot;,serif;mso-fareast-font-family:\n&quot;Times New Roman&quot;;mso-fareast-language:FR-CA\"><o:p></o:p></span></p>\n\n<p class=\"MsoNormal\" style=\"mso-margin-top-alt:auto;mso-margin-bottom-alt:auto;\nline-height:normal\"><span style=\"font-size:12.0pt;font-family:&quot;Times New Roman&quot;,serif;\nmso-fareast-font-family:&quot;Times New Roman&quot;;mso-fareast-language:FR-CA\">Par\ntradition, il √©tait fr√©quent que le mariage se c√©l√©brait dans l‚Äô√©glise de la paroisse\nd‚Äôorigine de la future mari√©e. Aujourd‚Äôhui, c‚Äôest souvent dans la communaut√© de\nr√©sidence qu‚Äôil se c√©l√®bre. Autrement, il faut v√©rifier dans la tierce paroisse\ndes disponibilit√©s.<o:p></o:p></span></p>\n\n<p class=\"MsoNormal\" style=\"mso-margin-top-alt:auto;mso-margin-bottom-alt:auto;\nline-height:normal\"><b><span style=\"font-size:12.0pt;font-family:&quot;Times New Roman&quot;,serif;\nmso-fareast-font-family:&quot;Times New Roman&quot;;mso-fareast-language:FR-CA\">Pr√©paration\nau mariage</span></b><span style=\"font-size:12.0pt;font-family:&quot;Times New Roman&quot;,serif;\nmso-fareast-font-family:&quot;Times New Roman&quot;;mso-fareast-language:FR-CA\"><o:p></o:p></span></p>\n\n<p class=\"MsoNormal\" style=\"mso-margin-top-alt:auto;mso-margin-bottom-alt:auto;\nline-height:normal\"><span style=\"font-size:12.0pt;font-family:&quot;Times New Roman&quot;,serif;\nmso-fareast-font-family:&quot;Times New Roman&quot;;mso-fareast-language:FR-CA\">Ici au\nQu√©bec, nous demandons que chaque couple s‚Äôinscrive √† une session de\npr√©paration au mariage. Il existe diff√©rentes formes selon la disponibilit√© du\ncouple&nbsp;: session de fin de semaine intensive, soir√©es, couple\naccompagnateur, etc. Vous trouverez ici le calendrier des sessions de cette\nann√©e ainsi que d‚Äôautres informations&nbsp;: </span><a href=\"https://www.ecdq.org/sacrements/mariage/sessions-de-preparation-au-sacrement-du-mariage/\"><span style=\"font-size:12.0pt;font-family:&quot;Times New Roman&quot;,serif;mso-fareast-font-family:\n&quot;Times New Roman&quot;;mso-fareast-language:FR-CA\">https://www.ecdq.org/sacrements/mariage/sessions-de-preparation-au-sacrement-du-mariage/</span></a><span style=\"font-size:12.0pt;font-family:&quot;Times New Roman&quot;,serif;mso-fareast-font-family:\n&quot;Times New Roman&quot;;mso-fareast-language:FR-CA\"><o:p></o:p></span></p>\n\n<p class=\"MsoNormal\" style=\"mso-margin-top-alt:auto;mso-margin-bottom-alt:auto;\nline-height:normal\"><b><span style=\"font-size:12.0pt;font-family:&quot;Times New Roman&quot;,serif;\nmso-fareast-font-family:&quot;Times New Roman&quot;;mso-fareast-language:FR-CA\">N√©cessit√©\nde la confirmation?<o:p></o:p></span></b></p>\n\n<p class=\"MsoNormal\" style=\"mso-margin-top-alt:auto;mso-margin-bottom-alt:auto;\nline-height:normal\"><span style=\"font-size:12.0pt;font-family:&quot;Times New Roman&quot;,serif;\nmso-fareast-font-family:&quot;Times New Roman&quot;;mso-fareast-language:FR-CA;\nmso-bidi-font-weight:bold\">Le mariage est un sacrement pour les init√©s √† la foi\nchr√©tienne. Il est donc normal d‚Äôavoir termin√© son initiation chr√©tienne pour\nse marier, y compris le sacrement de la confirmation. Vous trouverez des\n√©l√©ments de r√©flexion int√©ressants ici&nbsp;: </span><a href=\"https://www.ecdq.org/wp-content/uploads/2016/05/Se-marier-en-eglise.pdf\"><span style=\"font-size:12.0pt;font-family:&quot;Times New Roman&quot;,serif;mso-fareast-font-family:\n&quot;Times New Roman&quot;;mso-fareast-language:FR-CA;mso-bidi-font-weight:bold\">https://www.ecdq.org/wp-content/uploads/2016/05/Se-marier-en-eglise.pdf</span></a><span style=\"font-size:12.0pt;font-family:&quot;Times New Roman&quot;,serif;mso-fareast-font-family:\n&quot;Times New Roman&quot;;mso-fareast-language:FR-CA;mso-bidi-font-weight:bold\"><o:p></o:p></span></p>\n\n<p class=\"MsoNormal\" style=\"mso-margin-top-alt:auto;mso-margin-bottom-alt:auto;\nline-height:normal\"><span style=\"font-size:12.0pt;font-family:&quot;Times New Roman&quot;,serif;\nmso-fareast-font-family:&quot;Times New Roman&quot;;mso-fareast-language:FR-CA;\nmso-bidi-font-weight:bold\">Soyez sans crainte! Des dispositions simples\npourront vous permettre de cheminer sans inqui√©tude ni retarder la c√©l√©bration\nde votre mariage.<o:p></o:p></span></p>\n\n<p class=\"MsoNormal\" style=\"mso-margin-top-alt:auto;mso-margin-bottom-alt:auto;\nline-height:normal\"><span style=\"font-size:12.0pt;font-family:&quot;Times New Roman&quot;,serif;\nmso-fareast-font-family:&quot;Times New Roman&quot;;mso-fareast-language:FR-CA;\nmso-bidi-font-weight:bold\">√Ä ce moment, veuillez consulter la page de\nl‚Äôinitiation chr√©tienne des adultes <span style=\"background:lime;mso-highlight:\nlime\">Bouton vers la page de l‚Äôinitiation chr√©tienne des adultes.</span><o:p></o:p></span></p>\n\n<p class=\"MsoNormal\" style=\"mso-margin-top-alt:auto;mso-margin-bottom-alt:auto;\nline-height:normal\"><b><span style=\"font-size:12.0pt;font-family:&quot;Times New Roman&quot;,serif;\nmso-fareast-font-family:&quot;Times New Roman&quot;;mso-fareast-language:FR-CA\">Les\nrencontres avec le ministre</span></b><span style=\"font-size:12.0pt;font-family:\n&quot;Times New Roman&quot;,serif;mso-fareast-font-family:&quot;Times New Roman&quot;;mso-fareast-language:\nFR-CA\"><o:p></o:p></span></p>\n\n<p class=\"MsoNormal\" style=\"mso-margin-top-alt:auto;mso-margin-bottom-alt:auto;\nline-height:normal\"><span style=\"font-size:12.0pt;font-family:&quot;Times New Roman&quot;,serif;\nmso-fareast-font-family:&quot;Times New Roman&quot;;mso-fareast-language:FR-CA\">Apr√®s\navoir communiqu√© votre projet √† la paroisse, nous allons fixer la date de votre\nmariage et vous demander de vous inscrire √† une session de pr√©paration au\nmariage. Celui qui vous accompagnera dans votre d√©marche vous proposera\nquelques rendez-vous.<o:p></o:p></span></p>\n\n<ol start=\"1\" type=\"1\">\n <li class=\"MsoNormal\" style=\"mso-margin-top-alt:auto;mso-margin-bottom-alt:auto;\n     line-height:normal;mso-list:l0 level1 lfo1;tab-stops:list .5in\"><span style=\"font-size:12.0pt;font-family:&quot;Times New Roman&quot;,serif;mso-fareast-font-family:\n     &quot;Times New Roman&quot;;mso-fareast-language:FR-CA\">Par t√©l√©phone ou en\n     personne, nous prendrons les informations de base.<o:p></o:p></span></li>\n <li class=\"MsoNormal\" style=\"mso-margin-top-alt:auto;mso-margin-bottom-alt:auto;\n     line-height:normal;mso-list:l0 level1 lfo1;tab-stops:list .5in\"><span style=\"font-size:12.0pt;font-family:&quot;Times New Roman&quot;,serif;mso-fareast-font-family:\n     &quot;Times New Roman&quot;;mso-fareast-language:FR-CA\">Une rencontre se fera pour\n     discuter de votre projet et pour faire connaissance. Nous ferons aussi le\n     tour de votre parcours religieux, de votre vie de foi (votre initiation chr√©tienne,\n     bapt√™me, r√©conciliation, eucharistie, confirmation). Nous proposerons de\n     faire le choix entre un mariage sans eucharistie ou avec eucharistie. Nous\n     entamerons l‚Äôenqu√™te pr√©nuptiale (il s‚Äôagit ici d‚Äôune qu√™te d‚Äôinformations\n     qui se d√©roule dans un climat de confiance et de connaissance mutuelle).<o:p></o:p></span></li>\n <li class=\"MsoNormal\" style=\"mso-margin-top-alt:auto;mso-margin-bottom-alt:auto;\n     line-height:normal;mso-list:l0 level1 lfo1;tab-stops:list .5in\"><span style=\"font-size:12.0pt;font-family:&quot;Times New Roman&quot;,serif;mso-fareast-font-family:\n     &quot;Times New Roman&quot;;mso-fareast-language:FR-CA\">√Ä la deuxi√®me rencontre ou\n     une autre subs√©quente, nous porterons un regard sur votre\n     c√©l√©bration&nbsp;: le d√©roulement, le choix des textes bibliques, etc.\n     Nous fixerons la date de la pratique (si n√©cessaire). Nous vous donnerons\n     les instructions pour le jour ¬´J¬ª.<o:p></o:p></span></li>\n <li class=\"MsoNormal\" style=\"mso-margin-top-alt:auto;mso-margin-bottom-alt:auto;\n     line-height:normal;mso-list:l0 level1 lfo1;tab-stops:list .5in\"><span style=\"font-size:12.0pt;font-family:&quot;Times New Roman&quot;,serif;mso-fareast-font-family:\n     &quot;Times New Roman&quot;;mso-fareast-language:FR-CA\">Le grand jour.<o:p></o:p></span></li>\n</ol>\n\n<p class=\"MsoNormal\" style=\"mso-margin-top-alt:auto;mso-margin-bottom-alt:auto;\nmargin-left:.25in;line-height:normal\"><b><span style=\"font-size:12.0pt;\nfont-family:&quot;Times New Roman&quot;,serif;mso-fareast-font-family:&quot;Times New Roman&quot;;\nmso-fareast-language:FR-CA\">Mariage avec ou sans Eucharistie</span></b><span style=\"font-size:12.0pt;font-family:&quot;Times New Roman&quot;,serif;mso-fareast-font-family:\n&quot;Times New Roman&quot;;mso-fareast-language:FR-CA\"><o:p></o:p></span></p>\n\n<p class=\"MsoNormal\" style=\"mso-margin-top-alt:auto;mso-margin-bottom-alt:auto;\nmargin-left:.25in;line-height:normal\"><span style=\"font-size:12.0pt;font-family:\n&quot;Times New Roman&quot;,serif;mso-fareast-font-family:&quot;Times New Roman&quot;;mso-fareast-language:\nFR-CA\">La seule diff√©rence est que dans le mariage sans eucharistie, il n‚Äôy a\npas la partie de la liturgie eucharistique. Ce n‚Äôest pas moins un mariage que\nl‚Äôautre forme. Compte-tenu de la baisse significative de la fr√©quentation de la\nmesse, et donc, du sens de l‚Äôeucharistie, nous estimons plus respectueux pour\nle couple, vos amis et pour l‚Äô√âglise de ne pas imposer cela dans le cadre de la\nc√©l√©bration du mariage. Une bonne discussion avec le ministre qui vous\naccompagne vous aidera √† prendre la bonne d√©cision.<o:p></o:p></span></p>\n\n<p class=\"MsoNormal\" style=\"mso-margin-top-alt:auto;mso-margin-bottom-alt:auto;\nmargin-left:.25in;line-height:normal\"><b><span style=\"font-size:12.0pt;\nfont-family:&quot;Times New Roman&quot;,serif;mso-fareast-font-family:&quot;Times New Roman&quot;;\nmso-fareast-language:FR-CA\">Quelques consignes</span></b><span style=\"font-size:12.0pt;font-family:&quot;Times New Roman&quot;,serif;mso-fareast-font-family:\n&quot;Times New Roman&quot;;mso-fareast-language:FR-CA\"><o:p></o:p></span></p>\n\n<p class=\"MsoNormal\" style=\"mso-margin-top-alt:auto;mso-margin-bottom-alt:auto;\nmargin-left:.5in;line-height:normal\"><span style=\"font-size:12.0pt;font-family:\n&quot;Times New Roman&quot;,serif;mso-fareast-font-family:&quot;Times New Roman&quot;;mso-fareast-language:\nFR-CA\">-&nbsp; Obtenir tous les documents n√©cessaires&nbsp;: <o:p></o:p></span></p>\n\n<p class=\"MsoNormal\" style=\"mso-margin-top-alt:auto;mso-margin-bottom-alt:auto;\nmargin-left:70.8pt;line-height:normal\"><span style=\"font-size:12.0pt;\nfont-family:&quot;Times New Roman&quot;,serif;mso-fareast-font-family:&quot;Times New Roman&quot;;\nmso-fareast-language:FR-CA\">- le certificat de bapt√™me, celui de la paroisse\nd‚Äôorigine doit √™tre r√©cent de 6 mois; <o:p></o:p></span></p>\n\n<p class=\"MsoNormal\" style=\"mso-margin-top-alt:auto;mso-margin-bottom-alt:auto;\nmargin-left:70.8pt;line-height:normal\"><span style=\"font-size:12.0pt;\nfont-family:&quot;Times New Roman&quot;,serif;mso-fareast-font-family:&quot;Times New Roman&quot;;\nmso-fareast-language:FR-CA\">- le certificat de naissance de l‚Äô√©tat civil; <o:p></o:p></span></p>\n\n<p class=\"MsoNormal\" style=\"mso-margin-top-alt:auto;mso-margin-bottom-alt:auto;\nmargin-left:70.8pt;line-height:normal\"><span style=\"font-size:12.0pt;\nfont-family:&quot;Times New Roman&quot;,serif;mso-fareast-font-family:&quot;Times New Roman&quot;;\nmso-fareast-language:FR-CA\">- tous autres documents (divorce, d√©claration de\nnullit√©, etc.).<o:p></o:p></span></p>\n\n<p class=\"MsoNormal\" style=\"mso-margin-top-alt:auto;mso-margin-bottom-alt:auto;\nmargin-left:.5in;line-height:normal\"><span style=\"font-size:12.0pt;font-family:\n&quot;Times New Roman&quot;,serif;mso-fareast-font-family:&quot;Times New Roman&quot;;mso-fareast-language:\nFR-CA\">-&nbsp; Une tenue vestimentaire appropri√©e dans l‚Äô√©glise qui est,\nrappelons-le, un lieu sacr√©, est importante pour vous et vos invit√©s.<o:p></o:p></span></p>\n\n<p class=\"MsoNormal\" style=\"mso-margin-top-alt:auto;mso-margin-bottom-alt:auto;\nmargin-left:.5in;line-height:normal\"><span style=\"font-size:12.0pt;font-family:\n&quot;Times New Roman&quot;,serif;mso-fareast-font-family:&quot;Times New Roman&quot;;mso-fareast-language:\nFR-CA\">-&nbsp; La participation active de l‚Äôassembl√©e est requise ainsi que le\nrespect pour le lieu.<o:p></o:p></span></p>\n\n<p class=\"MsoNormal\" style=\"mso-margin-top-alt:auto;mso-margin-bottom-alt:auto;\nmargin-left:.5in;line-height:normal\"><span style=\"font-size:12.0pt;font-family:\n&quot;Times New Roman&quot;,serif;mso-fareast-font-family:&quot;Times New Roman&quot;;mso-fareast-language:\nFR-CA\">-&nbsp; Une attention sp√©ciale sera port√©e, √† l‚Äô√©glise, <b>pas de gomme,\nde nourriture, de breuvage</b>.<o:p></o:p></span></p>\n\n<p class=\"MsoNormal\" style=\"mso-margin-top-alt:auto;mso-margin-bottom-alt:auto;\nline-height:normal\"><b><span style=\"font-size:12.0pt;font-family:&quot;Times New Roman&quot;,serif;\nmso-fareast-font-family:&quot;Times New Roman&quot;;mso-fareast-language:FR-CA\">Les\nintervenants lors de notre mariage</span></b><span style=\"font-size:12.0pt;\nfont-family:&quot;Times New Roman&quot;,serif;mso-fareast-font-family:&quot;Times New Roman&quot;;\nmso-fareast-language:FR-CA\"><o:p></o:p></span></p>\n\n<p class=\"MsoNormal\" style=\"mso-margin-top-alt:auto;mso-margin-bottom-alt:auto;\nline-height:normal\"><span style=\"font-size:12.0pt;font-family:&quot;Times New Roman&quot;,serif;\nmso-fareast-font-family:&quot;Times New Roman&quot;;mso-fareast-language:FR-CA\">Quel r√¥le\npeuvent jouer les diff√©rents intervenants √† notre mariage?<o:p></o:p></span></p>\n\n<p class=\"MsoNormal\" style=\"mso-margin-top-alt:auto;mso-margin-bottom-alt:auto;\nline-height:normal\"><b><span style=\"font-size:12.0pt;font-family:&quot;Times New Roman&quot;,serif;\nmso-fareast-font-family:&quot;Times New Roman&quot;;mso-fareast-language:FR-CA\">Les\nparents&nbsp;:</span></b><span style=\"font-size:12.0pt;font-family:&quot;Times New Roman&quot;,serif;\nmso-fareast-font-family:&quot;Times New Roman&quot;;mso-fareast-language:FR-CA\"> Souvent,\nl‚Äôun deux est choisi comme t√©moin, ce qui n‚Äôest pas obligatoire. Des places\nleur sont r√©serv√©es, s‚Äôils sont divorc√©s ou s√©par√©s, vous devrez en discuter\navec votre ministre sur la place qu‚Äôils occuperont dans la c√©l√©bration.<o:p></o:p></span></p>\n\n<p class=\"MsoNormal\" style=\"mso-margin-top-alt:auto;mso-margin-bottom-alt:auto;\nline-height:normal\"><b><span style=\"font-size:12.0pt;font-family:&quot;Times New Roman&quot;,serif;\nmso-fareast-font-family:&quot;Times New Roman&quot;;mso-fareast-language:FR-CA\">Les\nenfants</span></b><span style=\"font-size:12.0pt;font-family:&quot;Times New Roman&quot;,serif;\nmso-fareast-font-family:&quot;Times New Roman&quot;;mso-fareast-language:FR-CA\"> (s‚Äôil y\na lieu)&nbsp;: S‚Äôils ont moins de 5 ans il est souhaitable qu‚Äôune personne\nfamili√®re puisse les prendre en charge. Pour les plus grands, ils peuvent √™tre\nimpliqu√©s dans la c√©l√©bration soit en faisant la lecture des pri√®res\nuniverselles, soit en apportant les alliances √† l‚Äôautel et/ou soit pour le\nservice √† l‚Äôautel. S‚Äôils sont √¢g√©s de plus de 16 ans, ils peuvent √™tre t√©moins\n√† la signature des registres.<o:p></o:p></span></p>\n\n<p class=\"MsoNormal\" style=\"mso-margin-top-alt:auto;mso-margin-bottom-alt:auto;\nline-height:normal\"><b><span style=\"font-size:12.0pt;font-family:&quot;Times New Roman&quot;,serif;\nmso-fareast-font-family:&quot;Times New Roman&quot;;mso-fareast-language:FR-CA\">Les\ninvit√©s&nbsp;</span></b><span style=\"font-size:12.0pt;font-family:&quot;Times New Roman&quot;,serif;\nmso-fareast-font-family:&quot;Times New Roman&quot;;mso-fareast-language:FR-CA\">: Ils\nparticipent activement √† la c√©l√©bration dans le respect, l‚Äô√©coute, le\nrecueillement et la pri√®re.<o:p></o:p></span></p>\n\n<p class=\"MsoNormal\" style=\"mso-margin-top-alt:auto;mso-margin-bottom-alt:auto;\nline-height:normal\"><b><span style=\"font-size:12.0pt;font-family:&quot;Times New Roman&quot;,serif;\nmso-fareast-font-family:&quot;Times New Roman&quot;;mso-fareast-language:FR-CA\">Le\ncort√®ge</span></b><span style=\"font-size:12.0pt;font-family:&quot;Times New Roman&quot;,serif;\nmso-fareast-font-family:&quot;Times New Roman&quot;;mso-fareast-language:FR-CA\"> (filles\net gar√ßons d‚Äôhonneur, page et bouqueti√®re)&nbsp;: Ces personnes peuvent\nintervenir et contribuer √† donner un sens √† la c√©l√©bration. ¬´Entrer en cort√®ge\ndans l‚Äô√©glise, c‚Äôest marcher √† la rencontre de Dieu qui vous invite¬ª. On veillera\n√† ce que la marche se d√©roule paisiblement, accompagn√©e d‚Äôune musique adapt√©e\nau lieu sacr√©.<o:p></o:p></span></p>\n\n<p class=\"MsoNormal\" style=\"mso-margin-top-alt:auto;mso-margin-bottom-alt:auto;\nline-height:normal\"><b><span style=\"font-size:12.0pt;font-family:&quot;Times New Roman&quot;,serif;\nmso-fareast-font-family:&quot;Times New Roman&quot;;mso-fareast-language:FR-CA\">Les\nt√©moins officiels&nbsp;:</span></b><span style=\"font-size:12.0pt;font-family:\n&quot;Times New Roman&quot;,serif;mso-fareast-font-family:&quot;Times New Roman&quot;;mso-fareast-language:\nFR-CA\"> Le choix des t√©moins est abord√© lors de l‚Äôenqu√™te pr√©nuptiale.\nRappelons que deux t√©moins sont n√©cessaires&nbsp;: ¬´hommes ou femmes, catholiques\nou non, majeurs ou mineurs (16 ans minimum)¬ª.<o:p></o:p></span></p>\n\n<p class=\"MsoNormal\" style=\"mso-margin-top-alt:auto;mso-margin-bottom-alt:auto;\nline-height:normal\"><b><span style=\"font-size:12.0pt;font-family:&quot;Times New Roman&quot;,serif;\nmso-fareast-font-family:&quot;Times New Roman&quot;;mso-fareast-language:FR-CA\">Les\nlecteurs&nbsp;:</span></b><span style=\"font-size:12.0pt;font-family:&quot;Times New Roman&quot;,serif;\nmso-fareast-font-family:&quot;Times New Roman&quot;;mso-fareast-language:FR-CA\"> Bien que\ndes enfants puissent faire des lectures, il faut s‚Äôassurer de leurs capacit√©s √†\nle faire publiquement et au micro. L‚Äô√âcriture occupe une place importante dans\nla c√©r√©monie.&nbsp; Si la famille ne peut trouver de lecteur, la paroisse,\npr√©venue √† l‚Äôavance s‚Äôen occupera.<o:p></o:p></span></p>\n\n<p class=\"MsoNormal\" style=\"mso-margin-top-alt:auto;mso-margin-bottom-alt:auto;\nline-height:normal\"><b><span style=\"font-size:12.0pt;font-family:&quot;Times New Roman&quot;,serif;\nmso-fareast-font-family:&quot;Times New Roman&quot;;mso-fareast-language:FR-CA\">Les\nservants de messe</span></b><span style=\"font-size:12.0pt;font-family:&quot;Times New Roman&quot;,serif;\nmso-fareast-font-family:&quot;Times New Roman&quot;;mso-fareast-language:FR-CA\"> (s‚Äôil y\na lieu)&nbsp;: S‚Äôil y a eucharistie, deux servants de messe sont requis. Des\njeunes ou un couple d‚Äôamis peuvent effectuer cette t√¢che s‚Äôils ont l‚Äôexp√©rience\net/ou se sentent √† l‚Äôaise de l‚Äôaccomplir. Si non, la paroisse s‚Äôen occupe.<o:p></o:p></span></p>\n\n<p class=\"MsoNormal\" style=\"mso-margin-top-alt:auto;mso-margin-bottom-alt:auto;\nline-height:normal\"><b><span style=\"font-size:12.0pt;font-family:&quot;Times New Roman&quot;,serif;\nmso-fareast-font-family:&quot;Times New Roman&quot;;mso-fareast-language:FR-CA\">Les\npr√©pos√©s √† l‚Äôaccueil&nbsp;:</span></b><span style=\"font-size:12.0pt;font-family:\n&quot;Times New Roman&quot;,serif;mso-fareast-font-family:&quot;Times New Roman&quot;;mso-fareast-language:\nFR-CA\"> Cette t√¢che est normalement confi√©e aux gar√ßons d‚Äôhonneur. Ils\ncontribuent √† ce que tous prennent place avant le d√©but de la c√©l√©bration et\ns‚Äôassurent de bien diriger les familles.<o:p></o:p></span></p>\n\n<p class=\"MsoNormal\" style=\"mso-margin-top-alt:auto;mso-margin-bottom-alt:auto;\nline-height:normal\"><b><span style=\"font-size:12.0pt;font-family:&quot;Times New Roman&quot;,serif;\nmso-fareast-font-family:&quot;Times New Roman&quot;;mso-fareast-language:FR-CA\">Les\nmusiciens, choristes et techniciens&nbsp;:</span></b><span style=\"font-size:\n12.0pt;font-family:&quot;Times New Roman&quot;,serif;mso-fareast-font-family:&quot;Times New Roman&quot;;\nmso-fareast-language:FR-CA\"> Sujet tr√®s d√©licat, il est souvent source de\nm√©sententes. Une pr√©misse importante √† consid√©rer&nbsp;: nous sommes dans une\nc√©l√©bration liturgique&nbsp;et nous devons rappeler le <b><i>caract√®re sacr√©</i></b>\ndu mariage chr√©tien. Qui dit ¬´liturgie¬ª dit pri√®re √† Dieu.<o:p></o:p></span></p>\n\n<p class=\"MsoNormal\" style=\"mso-margin-top-alt:auto;mso-margin-bottom-alt:auto;\nline-height:normal\"><span style=\"font-size:12.0pt;font-family:&quot;Times New Roman&quot;,serif;\nmso-fareast-font-family:&quot;Times New Roman&quot;;mso-fareast-language:FR-CA\">Le choix\nmusical doit √™tre conforme √† la <b><i>musique sacr√©e et liturgique</i></b>. Le\nprogramme de chants doit √™tre approuv√© par le ministre. Le mariage n‚Äôest pas un\nspectacle alors, il faut y aller avec sobri√©t√©. Pour les chants profanes (ou\npopulaires), nous vous sugg√©rons de les faire jouer √† la noce.<o:p></o:p></span></p>\n\n<p class=\"MsoNormal\" style=\"mso-margin-top-alt:auto;mso-margin-bottom-alt:auto;\nline-height:normal\"><span style=\"font-size:12.0pt;font-family:&quot;Times New Roman&quot;,serif;\nmso-fareast-font-family:&quot;Times New Roman&quot;;mso-fareast-language:FR-CA\">La\nparoisse fournit une liste de musiciens et de chanteurs/chanteuses qui ont\nl‚Äôexp√©rience des liturgies et sauront vous faire de belles suggestions de\nchants appropri√©s.<o:p></o:p></span></p>\n\n<p class=\"MsoNormal\" style=\"mso-margin-top-alt:auto;mso-margin-bottom-alt:auto;\nline-height:normal\"><b><span style=\"font-size:12.0pt;font-family:&quot;Times New Roman&quot;,serif;\nmso-fareast-font-family:&quot;Times New Roman&quot;;mso-fareast-language:FR-CA\">Les\nsp√©cialistes de l‚Äôimage</span></b><span style=\"font-size:12.0pt;font-family:\n&quot;Times New Roman&quot;,serif;mso-fareast-font-family:&quot;Times New Roman&quot;;mso-fareast-language:\nFR-CA\"> (photo et vid√©o)&nbsp;: Il est important de choisir un photographe\nofficiel qui sera le <b><i>seul √† se d√©placer pendant la c√©r√©monie</i></b>. Il\nse doit d‚Äô√™tre discret dans ses d√©placements, afin de ne pas perturber le\nclimat de pri√®re. L‚Äôacc√®s au sanctuaire (le ch≈ìur) lui est interdit.<o:p></o:p></span></p>\n\n<p class=\"MsoNormal\" style=\"mso-margin-top-alt:auto;mso-margin-bottom-alt:auto;\nline-height:normal\"><span style=\"font-size:12.0pt;font-family:&quot;Times New Roman&quot;,serif;\nmso-fareast-font-family:&quot;Times New Roman&quot;;mso-fareast-language:FR-CA\">Pour la\nvid√©o, s‚Äôentendre avec le ministre lors de la pratique pour le lieu o√π il doit\ns‚Äôinstaller.<o:p></o:p></span></p>\n\n<div class=\"MsoNormal\" align=\"center\" style=\"margin-bottom:0in;margin-bottom:.0001pt;\ntext-align:center;line-height:normal\"><span style=\"font-size:12.0pt;font-family:\n&quot;Times New Roman&quot;,serif;mso-fareast-font-family:&quot;Times New Roman&quot;;mso-fareast-language:\nFR-CA\">\n\n<hr size=\"2\" width=\"100%\" align=\"center\">\n\n</span></div>\n\n<p class=\"MsoNormal\" style=\"mso-margin-top-alt:auto;mso-margin-bottom-alt:auto;\nline-height:normal\"><span style=\"font-size:12.0pt;font-family:&quot;Times New Roman&quot;,serif;\nmso-fareast-font-family:&quot;Times New Roman&quot;;mso-fareast-language:FR-CA\">Pour\ntoutes autres informations, veuillez remplir ce formulaire <span style=\"background:lime;mso-highlight:lime\">Bouton formulaire en annexe</span><o:p></o:p></span></p>\n\n<p class=\"MsoNormal\" style=\"mso-margin-top-alt:auto;mso-margin-bottom-alt:auto;\nline-height:normal\"><span style=\"font-size:12.0pt;font-family:&quot;Times New Roman&quot;,serif;\nmso-fareast-font-family:&quot;Times New Roman&quot;;mso-fareast-language:FR-CA\">Vous\npouvez aussi communiquer avec le si√®ge social de votre paroisse <span style=\"background:lime;mso-highlight:lime\">Bouton avec lien pour la page\nContactez-nous</span><o:p></o:p></span></p>\n\n<p class=\"MsoNormal\" style=\"mso-margin-top-alt:auto;mso-margin-bottom-alt:auto;\nline-height:normal\"><span style=\"font-size:12.0pt;font-family:&quot;Times New Roman&quot;,serif;\nmso-fareast-font-family:&quot;Times New Roman&quot;;mso-fareast-language:FR-CA\">Finalement,\nvous pouvez aussi communiquer avec l‚Äôabb√© Michel Par√©, au 418-228-2084 poste\n226<o:p></o:p></span></p>\n\n<p class=\"MsoNormal\"><o:p>&nbsp;</o:p></p> \n            \n          ');
/*!40000 ALTER TABLE `pagecontenttemplatetext` ENABLE KEYS */;
UNLOCK TABLES;

--
-- Table structure for table `paroisse`
--

DROP TABLE IF EXISTS `paroisse`;
/*!40101 SET @saved_cs_client     = @@character_set_client */;
/*!40101 SET character_set_client = utf8 */;
CREATE TABLE `paroisse` (
  `paroisseid` int(11) NOT NULL AUTO_INCREMENT,
  `nom` varchar(100) NOT NULL DEFAULT '',
  PRIMARY KEY (`paroisseid`)
) ENGINE=InnoDB AUTO_INCREMENT=3 DEFAULT CHARSET=utf8;
/*!40101 SET character_set_client = @saved_cs_client */;

--
-- Dumping data for table `paroisse`
--

LOCK TABLES `paroisse` WRITE;
/*!40000 ALTER TABLE `paroisse` DISABLE KEYS */;
INSERT INTO `paroisse` VALUES (1,'Paroisse St-Georges-de-Sartigan'),(2,'Paroisse Saint-Jean-Paul II');
/*!40000 ALTER TABLE `paroisse` ENABLE KEYS */;
UNLOCK TABLES;

--
-- Dumping events for database 'devenirdisciple.org'
--

--
-- Dumping routines for database 'devenirdisciple.org'
--
/*!50003 DROP PROCEDURE IF EXISTS `AddEvent` */;
/*!50003 SET @saved_cs_client      = @@character_set_client */ ;
/*!50003 SET @saved_cs_results     = @@character_set_results */ ;
/*!50003 SET @saved_col_connection = @@collation_connection */ ;
/*!50003 SET character_set_client  = utf8mb4 */ ;
/*!50003 SET character_set_results = utf8mb4 */ ;
/*!50003 SET collation_connection  = utf8mb4_general_ci */ ;
/*!50003 SET @saved_sql_mode       = @@sql_mode */ ;
/*!50003 SET sql_mode              = 'STRICT_TRANS_TABLES,ERROR_FOR_DIVISION_BY_ZERO,NO_ENGINE_SUBSTITUTION' */ ;
DELIMITER ;;
CREATE DEFINER=`root`@`localhost` PROCEDURE `AddEvent`(IN inName NVARCHAR(100), IN inDate NVARCHAR(100), IN inDescr NVARCHAR(500), IN inColor NVARCHAR(50), IN inIcon NVARCHAR(50), IN inCommunityID INT(11))
BEGIN
	INSERT INTO calendarevent (name, date, descr, color, icon, communityId)
    VALUES (inName, inDate, inDescr, inColor, inIcon, inCommunityID);
END ;;
DELIMITER ;
/*!50003 SET sql_mode              = @saved_sql_mode */ ;
/*!50003 SET character_set_client  = @saved_cs_client */ ;
/*!50003 SET character_set_results = @saved_cs_results */ ;
/*!50003 SET collation_connection  = @saved_col_connection */ ;
/*!50003 DROP PROCEDURE IF EXISTS `ConnexionAdmin` */;
/*!50003 SET @saved_cs_client      = @@character_set_client */ ;
/*!50003 SET @saved_cs_results     = @@character_set_results */ ;
/*!50003 SET @saved_col_connection = @@collation_connection */ ;
/*!50003 SET character_set_client  = utf8mb4 */ ;
/*!50003 SET character_set_results = utf8mb4 */ ;
/*!50003 SET collation_connection  = utf8mb4_general_ci */ ;
/*!50003 SET @saved_sql_mode       = @@sql_mode */ ;
/*!50003 SET sql_mode              = 'STRICT_TRANS_TABLES,ERROR_FOR_DIVISION_BY_ZERO,NO_ENGINE_SUBSTITUTION' */ ;
DELIMITER ;;
CREATE DEFINER=`root`@`localhost` PROCEDURE `ConnexionAdmin`(IN inEmail NVARCHAR(100), IN inPassword NVARCHAR(500), OUT AdminId INT)
BEGIN
	SET AdminId = 0;
	SET AdminId = (SELECT admin.adminId FROM admin WHERE admin.email = inEmail COLLATE utf8_general_ci AND admin.password LIKE BINARY inPassword);

    SELECT IF(ISNULL(AdminId) = 0, AdminId, 0) AS AdminId;
END ;;
DELIMITER ;
/*!50003 SET sql_mode              = @saved_sql_mode */ ;
/*!50003 SET character_set_client  = @saved_cs_client */ ;
/*!50003 SET character_set_results = @saved_cs_results */ ;
/*!50003 SET collation_connection  = @saved_col_connection */ ;
/*!50003 DROP PROCEDURE IF EXISTS `FormulaireBenevolatSave` */;
/*!50003 SET @saved_cs_client      = @@character_set_client */ ;
/*!50003 SET @saved_cs_results     = @@character_set_results */ ;
/*!50003 SET @saved_col_connection = @@collation_connection */ ;
/*!50003 SET character_set_client  = utf8mb4 */ ;
/*!50003 SET character_set_results = utf8mb4 */ ;
/*!50003 SET collation_connection  = utf8mb4_general_ci */ ;
/*!50003 SET @saved_sql_mode       = @@sql_mode */ ;
/*!50003 SET sql_mode              = 'STRICT_TRANS_TABLES,ERROR_FOR_DIVISION_BY_ZERO,NO_ENGINE_SUBSTITUTION' */ ;
DELIMITER ;;
CREATE DEFINER=`root`@`localhost` PROCEDURE `FormulaireBenevolatSave`(IN inEmail VARBINARY(1000), IN inFirstName VARBINARY(1000), IN inLastName VARBINARY(1000), IN inAdresse VARBINARY(1000), IN inTelephone VARBINARY(1000),
																	  IN inCellulaire VARBINARY(1000), IN inBenevolat1 VARCHAR(500), IN inBenevolat2 VARCHAR(500), IN inBenevolat3 VARCHAR(500), IN inBenevolat4 VARCHAR(500),
                                                                      IN inParoisseId INT(11), IN inCommunauteId INT(11),IN inLundiAM TINYINT(4), IN inLundiPM TINYINT(4), IN inLundiSOIR TINYINT(4), IN inMardiAM TINYINT(4), IN inMardiPM TINYINT(4), IN inMardiSOIR TINYINT(4), IN inMercrediAM TINYINT(4), IN inMercrediPM TINYINT(4), IN inMercrediSOIR TINYINT(4),
																	  IN inJeudiAM TINYINT(4), IN inJeudiPM TINYINT(4), IN inJeudiSOIR TINYINT(4), IN inVendrediAM TINYINT(4), IN inVendrediPM TINYINT(4), IN inVendrediSOIR TINYINT(4), IN inSamediAM TINYINT(4), IN inSamediPM TINYINT(4), IN inSamediSOIR TINYINT(4),
                                                                      IN inDimancheAM TINYINT(4), IN inDimanchePM TINYINT(4), IN inDimancheSOIR TINYINT(4), IN inKey VARBINARY(1000), IN inIV VARBINARY(1000))
BEGIN
	INSERT INTO formulairebenevolat
	(`prenom`,
	`nom`,
	`adresse`,
	`telephone`,
	`cellulaire`,
	`courriel`,
	`benevolat1`,
	`benevolat2`,
	`benevolat3`,
	`benevolat4`,
	`paroisseid`,
    `communauteid`,
	`lundiam`,
	`lundipm`,
	`lundisoiree`,
	`mardiam`,
	`mardipm`,
	`mardisoiree`,
	`mercrediam`,
	`mercredipm`,
	`mercredisoiree`,
	`jeudiam`,
	`jeudipm`,
	`jeudisoiree`,
	`vendrediam`,
	`vendredipm`,
	`vendredisoiree`,
	`samediam`,
	`samedipm`,
	`samedisoiree`,
	`dimancheam`,
	`dimanchepm`,
	`dimanchesoiree`,
    `key`,
    `iv`)
	VALUES
	(inFirstName,
	inLastName,
	inAdresse,
	inTelephone,
	inCellulaire,
	inEmail,
	inBenevolat1,
	inBenevolat2,
	inBenevolat3,
	inBenevolat4,
	inParoisseId,
    inCommunauteId,
	inLundiAM,
	inLundiPM,
	inLundiSOIR,
	inMardiAM,
	inMardiPM,
	inMardiSOIR,
	inMercrediAM,
	inMercrediPM,
	inMercrediSOIR,
	inJeudiAM,
	inJeudiPM,
	inJeudiSOIR,
	inVendrediAM,
	inVendrediPM,
	inVendrediSOIR,
	inSamediAM,
	inSamediPM,
	inSamediSOIR,
	inDimancheAM,
	inDimanchePM,
	inDimancheSOIR,
    inKey,
    inIV);

END ;;
DELIMITER ;
/*!50003 SET sql_mode              = @saved_sql_mode */ ;
/*!50003 SET character_set_client  = @saved_cs_client */ ;
/*!50003 SET character_set_results = @saved_cs_results */ ;
/*!50003 SET collation_connection  = @saved_col_connection */ ;
/*!50003 DROP PROCEDURE IF EXISTS `GetAllCommunauteOrderParoisse` */;
/*!50003 SET @saved_cs_client      = @@character_set_client */ ;
/*!50003 SET @saved_cs_results     = @@character_set_results */ ;
/*!50003 SET @saved_col_connection = @@collation_connection */ ;
/*!50003 SET character_set_client  = utf8mb4 */ ;
/*!50003 SET character_set_results = utf8mb4 */ ;
/*!50003 SET collation_connection  = utf8mb4_general_ci */ ;
/*!50003 SET @saved_sql_mode       = @@sql_mode */ ;
/*!50003 SET sql_mode              = 'STRICT_TRANS_TABLES,ERROR_FOR_DIVISION_BY_ZERO,NO_ENGINE_SUBSTITUTION' */ ;
DELIMITER ;;
CREATE DEFINER=`root`@`localhost` PROCEDURE `GetAllCommunauteOrderParoisse`()
BEGIN
	SELECT nom, paroisseid, communauteid FROM communaute ORDER BY paroisseid, nom, communauteid;
END ;;
DELIMITER ;
/*!50003 SET sql_mode              = @saved_sql_mode */ ;
/*!50003 SET character_set_client  = @saved_cs_client */ ;
/*!50003 SET character_set_results = @saved_cs_results */ ;
/*!50003 SET collation_connection  = @saved_col_connection */ ;
/*!50003 DROP PROCEDURE IF EXISTS `GetAllEvents` */;
/*!50003 SET @saved_cs_client      = @@character_set_client */ ;
/*!50003 SET @saved_cs_results     = @@character_set_results */ ;
/*!50003 SET @saved_col_connection = @@collation_connection */ ;
/*!50003 SET character_set_client  = utf8mb4 */ ;
/*!50003 SET character_set_results = utf8mb4 */ ;
/*!50003 SET collation_connection  = utf8mb4_general_ci */ ;
/*!50003 SET @saved_sql_mode       = @@sql_mode */ ;
/*!50003 SET sql_mode              = 'STRICT_TRANS_TABLES,ERROR_FOR_DIVISION_BY_ZERO,NO_AUTO_CREATE_USER,NO_ENGINE_SUBSTITUTION' */ ;
DELIMITER ;;
CREATE DEFINER=`root`@`localhost` PROCEDURE `GetAllEvents`(IN inCommunityId INT(11))
BEGIN
	SELECT eventId, name, descr, date, color, icon, communityId FROM calendarevent WHERE communityId = inCommunityId;
END ;;
DELIMITER ;
/*!50003 SET sql_mode              = @saved_sql_mode */ ;
/*!50003 SET character_set_client  = @saved_cs_client */ ;
/*!50003 SET character_set_results = @saved_cs_results */ ;
/*!50003 SET collation_connection  = @saved_col_connection */ ;
/*!50003 DROP PROCEDURE IF EXISTS `GetAllParoisse` */;
/*!50003 SET @saved_cs_client      = @@character_set_client */ ;
/*!50003 SET @saved_cs_results     = @@character_set_results */ ;
/*!50003 SET @saved_col_connection = @@collation_connection */ ;
/*!50003 SET character_set_client  = utf8mb4 */ ;
/*!50003 SET character_set_results = utf8mb4 */ ;
/*!50003 SET collation_connection  = utf8mb4_general_ci */ ;
/*!50003 SET @saved_sql_mode       = @@sql_mode */ ;
/*!50003 SET sql_mode              = 'STRICT_TRANS_TABLES,ERROR_FOR_DIVISION_BY_ZERO,NO_ENGINE_SUBSTITUTION' */ ;
DELIMITER ;;
CREATE DEFINER=`root`@`localhost` PROCEDURE `GetAllParoisse`()
BEGIN
	SELECT nom, paroisseid FROM paroisse ORDER BY nom, paroisseid;
END ;;
DELIMITER ;
/*!50003 SET sql_mode              = @saved_sql_mode */ ;
/*!50003 SET character_set_client  = @saved_cs_client */ ;
/*!50003 SET character_set_results = @saved_cs_results */ ;
/*!50003 SET collation_connection  = @saved_col_connection */ ;
/*!50003 DROP PROCEDURE IF EXISTS `GetCommunityID` */;
/*!50003 SET @saved_cs_client      = @@character_set_client */ ;
/*!50003 SET @saved_cs_results     = @@character_set_results */ ;
/*!50003 SET @saved_col_connection = @@collation_connection */ ;
/*!50003 SET character_set_client  = utf8mb4 */ ;
/*!50003 SET character_set_results = utf8mb4 */ ;
/*!50003 SET collation_connection  = utf8mb4_general_ci */ ;
/*!50003 SET @saved_sql_mode       = @@sql_mode */ ;
/*!50003 SET sql_mode              = 'STRICT_TRANS_TABLES,ERROR_FOR_DIVISION_BY_ZERO,NO_AUTO_CREATE_USER,NO_ENGINE_SUBSTITUTION' */ ;
DELIMITER ;;
CREATE DEFINER=`root`@`localhost` PROCEDURE `GetCommunityID`(IN inMenuID INT(11))
BEGIN
	SELECT communauteid, nom FROM communaute WHERE menuid = inMenuID;
END ;;
DELIMITER ;
/*!50003 SET sql_mode              = @saved_sql_mode */ ;
/*!50003 SET character_set_client  = @saved_cs_client */ ;
/*!50003 SET character_set_results = @saved_cs_results */ ;
/*!50003 SET collation_connection  = @saved_col_connection */ ;
/*!50003 DROP PROCEDURE IF EXISTS `GetMenus` */;
/*!50003 SET @saved_cs_client      = @@character_set_client */ ;
/*!50003 SET @saved_cs_results     = @@character_set_results */ ;
/*!50003 SET @saved_col_connection = @@collation_connection */ ;
/*!50003 SET character_set_client  = utf8mb4 */ ;
/*!50003 SET character_set_results = utf8mb4 */ ;
/*!50003 SET collation_connection  = utf8mb4_general_ci */ ;
/*!50003 SET @saved_sql_mode       = @@sql_mode */ ;
/*!50003 SET sql_mode              = 'STRICT_TRANS_TABLES,ERROR_FOR_DIVISION_BY_ZERO,NO_ENGINE_SUBSTITUTION' */ ;
DELIMITER ;;
CREATE DEFINER=`root`@`localhost` PROCEDURE `GetMenus`(IN inParentid INT(11))
BEGIN
  SELECT menu.menuId, menu.name, menu.redirectionPath FROM menu WHERE parentId = inParentid ORDER BY sequence, name;
END ;;
DELIMITER ;
/*!50003 SET sql_mode              = @saved_sql_mode */ ;
/*!50003 SET character_set_client  = @saved_cs_client */ ;
/*!50003 SET character_set_results = @saved_cs_results */ ;
/*!50003 SET collation_connection  = @saved_col_connection */ ;
/*!50003 DROP PROCEDURE IF EXISTS `GetPageContentTemplateText` */;
/*!50003 SET @saved_cs_client      = @@character_set_client */ ;
/*!50003 SET @saved_cs_results     = @@character_set_results */ ;
/*!50003 SET @saved_col_connection = @@collation_connection */ ;
/*!50003 SET character_set_client  = utf8mb4 */ ;
/*!50003 SET character_set_results = utf8mb4 */ ;
/*!50003 SET collation_connection  = utf8mb4_general_ci */ ;
/*!50003 SET @saved_sql_mode       = @@sql_mode */ ;
/*!50003 SET sql_mode              = 'STRICT_TRANS_TABLES,ERROR_FOR_DIVISION_BY_ZERO,NO_AUTO_CREATE_USER,NO_ENGINE_SUBSTITUTION' */ ;
DELIMITER ;;
CREATE DEFINER=`root`@`localhost` PROCEDURE `GetPageContentTemplateText`(IN inMenuId INT(11))
BEGIN
	SELECT pagecontenttemplatetextid, menuid, image, title, header, subtitle, content FROM pagecontenttemplatetext WHERE menuid = inMenuId;
END ;;
DELIMITER ;
/*!50003 SET sql_mode              = @saved_sql_mode */ ;
/*!50003 SET character_set_client  = @saved_cs_client */ ;
/*!50003 SET character_set_results = @saved_cs_results */ ;
/*!50003 SET collation_connection  = @saved_col_connection */ ;
/*!50003 DROP PROCEDURE IF EXISTS `SavePageContentTemplateText` */;
/*!50003 SET @saved_cs_client      = @@character_set_client */ ;
/*!50003 SET @saved_cs_results     = @@character_set_results */ ;
/*!50003 SET @saved_col_connection = @@collation_connection */ ;
/*!50003 SET character_set_client  = utf8mb4 */ ;
/*!50003 SET character_set_results = utf8mb4 */ ;
/*!50003 SET collation_connection  = utf8mb4_general_ci */ ;
/*!50003 SET @saved_sql_mode       = @@sql_mode */ ;
/*!50003 SET sql_mode              = 'STRICT_TRANS_TABLES,ERROR_FOR_DIVISION_BY_ZERO,NO_AUTO_CREATE_USER,NO_ENGINE_SUBSTITUTION' */ ;
DELIMITER ;;
CREATE DEFINER=`root`@`localhost` PROCEDURE `SavePageContentTemplateText`(IN inContentId INT(11), IN inMenuId INT(11), IN inTitle NVARCHAR(5000), IN inHeader NVARCHAR(5000), IN inSubtitle NVARCHAR(5000), IN inContent LONGTEXT)
BEGIN
	INSERT INTO pagecontenttemplatetext(menuid, title, header, subtitle, content) SELECT inMenuId, inTitle, inHeader, inSubtitle, inContent WHERE inContentId = 0;
    
    UPDATE pagecontenttemplatetext SET title = inTitle, header = inHeader, subtitle = inSubtitle, content = inContent WHERE menuid = inMenuId;
END ;;
DELIMITER ;
/*!50003 SET sql_mode              = @saved_sql_mode */ ;
/*!50003 SET character_set_client  = @saved_cs_client */ ;
/*!50003 SET character_set_results = @saved_cs_results */ ;
/*!50003 SET collation_connection  = @saved_col_connection */ ;
/*!40103 SET TIME_ZONE=@OLD_TIME_ZONE */;

/*!40101 SET SQL_MODE=@OLD_SQL_MODE */;
/*!40014 SET FOREIGN_KEY_CHECKS=@OLD_FOREIGN_KEY_CHECKS */;
/*!40014 SET UNIQUE_CHECKS=@OLD_UNIQUE_CHECKS */;
/*!40101 SET CHARACTER_SET_CLIENT=@OLD_CHARACTER_SET_CLIENT */;
/*!40101 SET CHARACTER_SET_RESULTS=@OLD_CHARACTER_SET_RESULTS */;
/*!40101 SET COLLATION_CONNECTION=@OLD_COLLATION_CONNECTION */;
/*!40111 SET SQL_NOTES=@OLD_SQL_NOTES */;

-- Dump completed on 2020-04-28 13:59:26
